{
  "quality_vs_iterations": {
    "1": {
      "bleu": 0.0012149400510515405,
      "rouge1": 0.14048184140175193,
      "rouge2": 0.013362637362637365,
      "rougeL": 0.13079819613221058,
      "bertscore_precision": 0.7984456419944763,
      "bertscore_recall": 0.811739981174469,
      "bertscore_f1": 0.8047369122505188,
      "distinct_1": 0.14010282776349614,
      "distinct_2": 0.35103244837758113
    },
    "3": {
      "bleu": 0.0034929446064178643,
      "rouge1": 0.15219218027500656,
      "rouge2": 0.025268349439704938,
      "rougeL": 0.14176256455735406,
      "bertscore_precision": 0.8395267724990845,
      "bertscore_recall": 0.8322689533233643,
      "bertscore_f1": 0.8356991410255432,
      "distinct_1": 0.23638470451911936,
      "distinct_2": 0.5504587155963303
    },
    "5": {
      "bleu": 0.002888973045455307,
      "rouge1": 0.14909278563602346,
      "rouge2": 0.02034567726920668,
      "rougeL": 0.14089255177402488,
      "bertscore_precision": 0.8494211435317993,
      "bertscore_recall": 0.8404821753501892,
      "bertscore_f1": 0.8447518348693848,
      "distinct_1": 0.2536312849162011,
      "distinct_2": 0.549685534591195
    },
    "10": {
      "bleu": 0.0036604421612436255,
      "rouge1": 0.14543452015216407,
      "rouge2": 0.027541126436287727,
      "rougeL": 0.13734490985377693,
      "bertscore_precision": 0.8597543835639954,
      "bertscore_recall": 0.8458617329597473,
      "bertscore_f1": 0.8526278734207153,
      "distinct_1": 0.3064159292035398,
      "distinct_2": 0.6057213930348259
    },
    "15": {
      "bleu": 0.0037387471995211996,
      "rouge1": 0.1418067008570275,
      "rouge2": 0.028098034993196283,
      "rougeL": 0.13394963658066006,
      "bertscore_precision": 0.8580883741378784,
      "bertscore_recall": 0.844552755355835,
      "bertscore_f1": 0.8511368036270142,
      "distinct_1": 0.2948294829482948,
      "distinct_2": 0.5920889987639061
    },
    "25": {
      "bleu": 0.003124232707177005,
      "rouge1": 0.1414533147694309,
      "rouge2": 0.02688002876817743,
      "rougeL": 0.13170301039982335,
      "bertscore_precision": 0.8569009304046631,
      "bertscore_recall": 0.844092845916748,
      "bertscore_f1": 0.8503137826919556,
      "distinct_1": 0.30099228224917307,
      "distinct_2": 0.5960346964064436
    }
  },
  "mask_schedule_comparison": {
    "confidence": {
      "bleu": 0.003124232707177005,
      "rouge1": 0.1414533147694309,
      "rouge2": 0.02688002876817743,
      "rougeL": 0.13170301039982335,
      "bertscore_precision": 0.8569009304046631,
      "bertscore_recall": 0.844092845916748,
      "bertscore_f1": 0.8503137826919556,
      "distinct_1": 0.30099228224917307,
      "distinct_2": 0.5960346964064436
    },
    "linear": {
      "bleu": 0.003124232707177005,
      "rouge1": 0.1414533147694309,
      "rouge2": 0.02688002876817743,
      "rougeL": 0.13170301039982335,
      "bertscore_precision": 0.8569009304046631,
      "bertscore_recall": 0.844092845916748,
      "bertscore_f1": 0.8503137826919556,
      "distinct_1": 0.30099228224917307,
      "distinct_2": 0.5960346964064436
    },
    "cosine": {
      "bleu": 0.003124232707177005,
      "rouge1": 0.1414533147694309,
      "rouge2": 0.02688002876817743,
      "rougeL": 0.13170301039982335,
      "bertscore_precision": 0.8569009304046631,
      "bertscore_recall": 0.844092845916748,
      "bertscore_f1": 0.8503137826919556,
      "distinct_1": 0.30099228224917307,
      "distinct_2": 0.5960346964064436
    }
  },
  "sample_traces": {
    "Hello, how are you?": {
      "response": "am i doing well, just got back from fishing",
      "num_steps": 26
    },
    "What do you like to do for fun?": {
      "response": "well i like to play guitar when i am not",
      "num_steps": 26
    },
    "I had a terrible day today.": {
      "response": "think i ' m going to have a bad cold",
      "num_steps": 26
    },
    "Do you have any pets?": {
      "response": "i do not. i ' ve a dog named",
      "num_steps": 26
    },
    "Tell me about yourself.": {
      "response": "i ' m a student, and i am a",
      "num_steps": 26
    }
  }
}