{
  "confidence": {
    "bleu": 0.003124232707177005,
    "rouge1": 0.1414533147694309,
    "rouge2": 0.02688002876817743,
    "rougeL": 0.13170301039982335,
    "bertscore_precision": 0.8569009304046631,
    "bertscore_recall": 0.844092845916748,
    "bertscore_f1": 0.8503137826919556,
    "distinct_1": 0.30099228224917307,
    "distinct_2": 0.5960346964064436
  },
  "linear": {
    "bleu": 0.003124232707177005,
    "rouge1": 0.1414533147694309,
    "rouge2": 0.02688002876817743,
    "rougeL": 0.13170301039982335,
    "bertscore_precision": 0.8569009304046631,
    "bertscore_recall": 0.844092845916748,
    "bertscore_f1": 0.8503137826919556,
    "distinct_1": 0.30099228224917307,
    "distinct_2": 0.5960346964064436
  },
  "cosine": {
    "bleu": 0.003124232707177005,
    "rouge1": 0.1414533147694309,
    "rouge2": 0.02688002876817743,
    "rougeL": 0.13170301039982335,
    "bertscore_precision": 0.8569009304046631,
    "bertscore_recall": 0.844092845916748,
    "bertscore_f1": 0.8503137826919556,
    "distinct_1": 0.30099228224917307,
    "distinct_2": 0.5960346964064436
  }
}